{
  "isStaffJourney": "N",
  "frnNumber": "RKT/SDA/LKN/304890",
  "viewNumber": 2,
  "isEsignCallback":"N",
  "isEsignLinkSent":"Y",
  "psid": "44444444",
  "ekycDone": "No",
  "card": {
    "key": "VPC",
    "name": "HSBC Visa Platinum Credit Card",
    "imageURL": null,
    "complimentaryStuff": null,
    "annualFee": null,
    "annualFeeCurrency": null,
    "limit": null,
    "limitMinimumOfInfo": null,
    "bankToAssignCreditLimit": false
  },
  "primaryApplicantDetails": {
    "token": "466309981958",
    "arn": "xQO4K0afhr2CZbocXKhaiA",
    "aadhaar": 542103210574,
    "hasNameMismatch": "Y",
    "pan": "BRFPH0569K",
    "fatherName": "P. L. Gupta",
    "salutation": "Mr.",
    "otherSalutation": null,
    "fullName": "Ajay Kumar",
    "aadhaarName": "Ajay aadhaarKumar",
    "redactedAadhaar": "1234",
    "gender": "M",
    "email": "charlesratchager1@gmail.com",
    "dateOfBirth": "15-07-1987",
    "calculateIncomeFlag": "failed",
    "nameOnCard": null,
    "mobile": "9410899455",
    "cardReason": null,
    "cardUsage": null,
    "annualIncome": null,
    "lengthOfStayYear": "04",
    "lengthOfStayMonth": "04",
    "addressOptions": "Current and permanent",
    "dialCodeHome": "91",
    "stdCode": "120",
    "homeNumber": "6700000",
    "consent": "Y",
    "errorCode": null,
    "success": false,
    "dialCode": "91",
    "taxPurposeCountry": "India",
    "currentAddressType": "Residential",
    "currentAddress": null,
    "previousAddress": null,
    "taxPurposeAddress": null,
    "leadGenerationCity": null,
    "leadGenerationReason": null,
    "formerName": null,
    "aadhaarAddress": {
      "address1": "702 Valmiki Apt",
      "address2": "L M Road",
      "address3": "Mumbai",
      "addressType": null,
      "dialCode": null,
      "stdCode": null,
      "officeExtension": null,
      "pinCode": "400068",
      "district": "Mumbai",
      "city": "New Delhi",
      "state": "Maharashtra",
      "country": "India",
      "phone": null,
      "pvcAlert": "false"
    }
  },
  "demographicDetails": {
    "isMultipleNationality": "N",
    "nationality": "India",
    "nationality2": null,
    "nationality3": null,
    "residentialStatus": "Resident",
    "maritalStatus": "Married",
    "specificMaritalStatus": null,
    "existingRelation": "N",
    "relationType": null,
    "staffName": null,
    "staffId": null
  },
  "employmentStatus": "Self-employed",
  "hasSkippedPerfios": "Y",
  "employmentDetails": {
    "annualIncome": "1",
    "employmentYear": "00",
    "employmentMonth": "00",
    "designation": "malad",
    "businessNature": "Engineering",
    "organisationNature": "Public Limited",
    "companyName": "TCS, TATA CONSULTANCY SERVICES LTD",
    "changedCompanyName": "N",
    "companyAddress": {
      "address1": "malad",
      "dialCode": "91",
      "stdCode": "231",
      "officeExtension": "12312",
      "pinCode": "110096",
      "city": "Delhi",
      "state": "Delhi",
      "country": "India",
      "phone": "12312313"
    },
    "officeNumberConsent": "N",
    "officeEmailId": "asdasd@daasd.com"
  },
  "consents": {
    "informationConsent": null
  },
  "dipDetails": null,
  "balanceTransfer": null,
  "supplementaryCard": null,
  "documents": null,
  "errorCode": 1,
  "vcipFlag": "N"
}
