{
    "success": true,
    "responseCode": "00",
    "responseMsg": "Format Error",
    "ekycDone": "true",
    "frnNumber": "",
    "aadhaarName": "",
    "dateOfBirth": "",
    "gender": "",
    "mobile": "",
    "email": "",
    "photo":"",
    "co": "",
    "house": "",
    "street": "",
    "landmark": "",
    "location": "",
    "village": "",
    "subDistrict": "",
    "district": "",
    "state": "",
    "pincode": "",
    "postalOffice": "",
    "modeOfAuth": "",
    "enrollmentDate": "",
    "uidToken": "",
    "aadhaarReferenceKey": "",
    "redactedAadhaar": "",
    "panAadhaarNameMismatch":"N",
    "ekycId":"",
    "dipDecision":"dipPending",
    "dipTrigger":true,
    "frnLoanTrackerNumber":""

}