[
    {
        "countryName": "India",
        "countryCode": "IN",
        "phoneCode": "91"
  },


    {
        "countryName": "Australia",
        "countryCode": "AU",
        "phoneCode": "61"
  },

    {
        "countryName": "Afghanistan",
        "countryCode": "AF",
        "phoneCode": "93"
  },
    {
        "countryName": "Albania",
        "countryCode": "AL",
        "phoneCode": "355"
  },
    {
        "countryName": "Algeria",
        "countryCode": "DZ",
        "phoneCode": "213"
  },
    {
        "countryName": "American Samoa",
        "countryCode": "AS",
        "phoneCode": "1684"
  },
    {
        "countryName": "Andorra",
        "countryCode": "AD",
        "phoneCode": "376"
  },
    {
        "countryName": "Angola",
        "countryCode": "AO",
        "phoneCode": "244"
  },
    {
        "countryName": "Anguilla",
        "countryCode": "AI",
        "phoneCode": "1264"
  },
    {
        "countryName": "Antarctica",
        "countryCode": "AQ",
        "phoneCode": "672"
  },
    {
        "countryName": "Antigua and Barbuda",
        "countryCode": "AG",
        "phoneCode": "1268"
  },
    {
        "countryName": "Argentina",
        "countryCode": "AR",
        "phoneCode": "54"
  },
    {
        "countryName": "Armenia",
        "countryCode": "AM",
        "phoneCode": "374"
  },
    {
        "countryName": "Aruba",
        "countryCode": "AW",
        "phoneCode": "297"
  },
    {
        "countryName": "Austria",
        "countryCode": "AT",
        "phoneCode": "43"
  },
    {
        "countryName": "Azerbaijan",
        "countryCode": "AZ",
        "phoneCode": "994"
  },
    {
        "countryName": "Bahamas",
        "countryCode": "BS",
        "phoneCode": "1242"
  },
    {
        "countryName": "Bahrain",
        "countryCode": "BH",
        "phoneCode": "973"
  },
    {
        "countryName": "Bangladesh",
        "countryCode": "BD",
        "phoneCode": "880"
  },
    {
        "countryName": "Barbados",
        "countryCode": "BB",
        "phoneCode": "1246"
  },
    {
        "countryName": "Belarus",
        "countryCode": "BY",
        "phoneCode": "375"
  },
    {
        "countryName": "Belgium",
        "countryCode": "BE",
        "phoneCode": "32"
  },
    {
        "countryName": "Belize",
        "countryCode": "BZ",
        "phoneCode": "501"
  },
    {
        "countryName": "Benin",
        "countryCode": "BJ",
        "phoneCode": "229"
  },
    {
        "countryName": "Bermuda",
        "countryCode": "BM",
        "phoneCode": "1441"
  },
    {
        "countryName": "Bhutan",
        "countryCode": "BT",
        "phoneCode": "975"
  },
    {
        "countryName": "Bolivia",
        "countryCode": "BO",
        "phoneCode": "591"
  },
    {
        "countryName": "Bonaire",
        "countryCode": "BQ",
        "phoneCode": "599"
  },
    {
        "countryName": "Bosnia and Herzegovina",
        "countryCode": "BA",
        "phoneCode": "387"
  },
    {
        "countryName": "Botswana",
        "countryCode": "BW",
        "phoneCode": "267"
  },
    {
        "countryName": "Bouvet Island",
        "countryCode": "BV",
        "phoneCode": "55"
  },
    {
        "countryName": "Brazil",
        "countryCode": "BR",
        "phoneCode": "55"
  },
    {
        "countryName": "British Indian Ocean Territory",
        "countryCode": "IO",
        "phoneCode": "246"
  },
    {
        "countryName": "Brunei Darussalam",
        "countryCode": "BN",
        "phoneCode": "673"
  },
    {
        "countryName": "Bulgaria",
        "countryCode": "BG",
        "phoneCode": "359"
  },
    {
        "countryName": "Burkina Faso",
        "countryCode": "BF",
        "phoneCode": "226"
  },
    {
        "countryName": "Burundi",
        "countryCode": "BI",
        "phoneCode": "257"
  },
    {
        "countryName": "Cambodia",
        "countryCode": "KH",
        "phoneCode": "855"
  },
    {
        "countryName": "Cameroon",
        "countryCode": "CM",
        "phoneCode": "237"
  },
    {
        "countryName": "Canada",
        "countryCode": "CA",
        "phoneCode": "1"
  },
    {
        "countryName": "Cape Verde",
        "countryCode": "CV",
        "phoneCode": "238"
  },
    {
        "countryName": "Cayman Islands",
        "countryCode": "KY",
        "phoneCode": "345"
  },
    {
        "countryName": "Central African Republic",
        "countryCode": "CF",
        "phoneCode": "236"
  },
    {
        "countryName": "Chad",
        "countryCode": "TD",
        "phoneCode": "235"
  },
    {
        "countryName": "Chile",
        "countryCode": "CL",
        "phoneCode": "56"
  },
    {
        "countryName": "Mainland China",
        "countryCode": "CN",
        "phoneCode": "86"
  },
    {
        "countryName": "Christmas Island",
        "countryCode": "CX",
        "phoneCode": "61"
  },
    {
        "countryName": "Cocos (Keeling) Islands",
        "countryCode": "CC",
        "phoneCode": "61"
  },
    {
        "countryName": "Colombia",
        "countryCode": "CO",
        "phoneCode": "57"
  },
    {
        "countryName": "Comoros",
        "countryCode": "KM",
        "phoneCode": "269"
  },
    {
        "countryName": "Congo",
        "countryCode": "CG",
        "phoneCode": "242"
  },
    {
        "countryName": "Democratic Republic of the Congo",
        "countryCode": "CD",
        "phoneCode": "243"
  },
    {
        "countryName": "Cook Islands",
        "countryCode": "CK",
        "phoneCode": "682"
  },
    {
        "countryName": "Costa Rica",
        "countryCode": "CR",
        "phoneCode": "506"
  },
    {
        "countryName": "Croatia",
        "countryCode": "HR",
        "phoneCode": "385"
  },
    {
        "countryName": "Cuba",
        "countryCode": "CU",
        "phoneCode": "53"
  },
    {
        "countryName": "Curacao",
        "countryCode": "CW",
        "phoneCode": "599"
  },
    {
        "countryName": "Cyprus",
        "countryCode": "CY",
        "phoneCode": "537"
  },
    {
        "countryName": "Czech Republic",
        "countryCode": "CZ",
        "phoneCode": "420"
  },
    {
        "countryName": "Cote d'Ivoire",
        "countryCode": "CI",
        "phoneCode": "225"
  },
    {
        "countryName": "Denmark",
        "countryCode": "DK",
        "phoneCode": "45"
  },
    {
        "countryName": "Djibouti",
        "countryCode": "DJ",
        "phoneCode": "253"
  },
    {
        "countryName": "Dominica",
        "countryCode": "DM",
        "phoneCode": "1767"
  },
    {
        "countryName": "Dominican Republic",
        "countryCode": "DO",
        "phoneCode": "1849"
  },
    {
        "countryName": "Ecuador",
        "countryCode": "EC",
        "phoneCode": "593"
  },
    {
        "countryName": "Egypt",
        "countryCode": "EG",
        "phoneCode": "20"
  },
    {
        "countryName": "El Salvador",
        "countryCode": "SV",
        "phoneCode": "503"
  },
    {
        "countryName": "Equatorial Guinea",
        "countryCode": "GQ",
        "phoneCode": "240"
  },
    {
        "countryName": "Eritrea",
        "countryCode": "ER",
        "phoneCode": "291"
  },
    {
        "countryName": "Estonia",
        "countryCode": "EE",
        "phoneCode": "372"
  },
    {
        "countryName": "Ethiopia",
        "countryCode": "ET",
        "phoneCode": "251"
  },
    {
        "countryName": "Falkland Islands (Malvinas)",
        "countryCode": "FK",
        "phoneCode": "500"
  },
    {
        "countryName": "Faroe Islands",
        "countryCode": "FO",
        "phoneCode": "298"
  },
    {
        "countryName": "Fiji",
        "countryCode": "FJ",
        "phoneCode": "679"
  },
    {
        "countryName": "Finland",
        "countryCode": "FI",
        "phoneCode": "358"
  },
    {
        "countryName": "France",
        "countryCode": "FR",
        "phoneCode": "33"
  },
    {
        "countryName": "French Guiana",
        "countryCode": "GF",
        "phoneCode": "594"
  },
    {
        "countryName": "French Polynesia",
        "countryCode": "PF",
        "phoneCode": "689"
  },
    {
        "countryName": "French Southern Territories",
        "countryCode": "TF",
        "phoneCode": "262"
  },
    {
        "countryName": "Gabon",
        "countryCode": "GA",
        "phoneCode": "241"
  },
    {
        "countryName": "Gambia",
        "countryCode": "GM",
        "phoneCode": "220"
  },
    {
        "countryName": "Georgia",
        "countryCode": "GE",
        "phoneCode": "995"
  },
    {
        "countryName": "Germany",
        "countryCode": "DE",
        "phoneCode": "49"
  },
    {
        "countryName": "Ghana",
        "countryCode": "GH",
        "phoneCode": "233"
  },
    {
        "countryName": "Gibraltar",
        "countryCode": "GI",
        "phoneCode": "350"
  },
    {
        "countryName": "Greece",
        "countryCode": "GR",
        "phoneCode": "30"
  },
    {
        "countryName": "Greenland",
        "countryCode": "GL",
        "phoneCode": "299"
  },
    {
        "countryName": "Grenada",
        "countryCode": "GD",
        "phoneCode": "1473"
  },
    {
        "countryName": "Guadeloupe",
        "countryCode": "GP",
        "phoneCode": "590"
  },
    {
        "countryName": "Guam",
        "countryCode": "GU",
        "phoneCode": "1671"
  },
    {
        "countryName": "Guatemala",
        "countryCode": "GT",
        "phoneCode": "502"
  },
    {
        "countryName": "Guernsey",
        "countryCode": "GG",
        "phoneCode": "44"
  },
    {
        "countryName": "Guinea",
        "countryCode": "GN",
        "phoneCode": "224"
  },
    {
        "countryName": "Guinea-Bissau",
        "countryCode": "GW",
        "phoneCode": "245"
  },
    {
        "countryName": "Guyana",
        "countryCode": "GY",
        "phoneCode": "595"
  },
    {
        "countryName": "Haiti",
        "countryCode": "HT",
        "phoneCode": "509"
  },
    {
        "countryName": "Heard Island and McDonald Islands",
        "countryCode": "HM",
        "phoneCode": "0"
  },
    {
        "countryName": "Holy See (Vatican City State)",
        "countryCode": "VA",
        "phoneCode": "379"
  },
    {
        "countryName": "Honduras",
        "countryCode": "HN",
        "phoneCode": "504"
  }, {
        "countryName": "HongKong SAR",
        "countryCode": "HK",
        "phoneCode": "852"
  },
    {
        "countryName": "Hungary",
        "countryCode": "HU",
        "phoneCode": "36"
  },
    {
        "countryName": "Iceland",
        "countryCode": "IS",
        "phoneCode": "354"
  },
    {
        "countryName": "Indonesia",
        "countryCode": "ID",
        "phoneCode": "62"
  },
    {
        "countryName": "Iran",
        "countryCode": "IR",
        "phoneCode": "98"
  },
    {
        "countryName": "Iraq",
        "countryCode": "IQ",
        "phoneCode": "964"
  },
    {
        "countryName": "Ireland",
        "countryCode": "IE",
        "phoneCode": "353"
  },
    {
        "countryName": "Isle of Man",
        "countryCode": "IM",
        "phoneCode": "44"
  },
    {
        "countryName": "Israel",
        "countryCode": "IL",
        "phoneCode": "972"
  },
    {
        "countryName": "Italy",
        "countryCode": "IT",
        "phoneCode": "39"
  },
    {
        "countryName": "Jamaica",
        "countryCode": "JM",
        "phoneCode": "1876"
  },
    {
        "countryName": "Japan",
        "countryCode": "JP",
        "phoneCode": "81"
  },
    {
        "countryName": "Jersey",
        "countryCode": "JE",
        "phoneCode": "44"
  },
    {
        "countryName": "Jordan",
        "countryCode": "JO",
        "phoneCode": "962"
  },
    {
        "countryName": "Kazakhstan",
        "countryCode": "KZ",
        "phoneCode": "77"
  },
    {
        "countryName": "Kenya",
        "countryCode": "KE",
        "phoneCode": "254"
  },
    {
        "countryName": "Kiribati",
        "countryCode": "KI",
        "phoneCode": "686"
  },
    {
        "countryName": "North Korea",
        "countryCode": "KP",
        "phoneCode": "850"
  },
    {
        "countryName": "South Korea",
        "countryCode": "KR",
        "phoneCode": "82"
  },
    {
        "countryName": "Kuwait",
        "countryCode": "KW",
        "phoneCode": "965"
  },
    {
        "countryName": "Kyrgyzstan",
        "countryCode": "KG",
        "phoneCode": "996"
  },
    {
        "countryName": "Lao People's Democratic Republic",
        "countryCode": "LA",
        "phoneCode": "856"
  },
    {
        "countryName": "Latvia",
        "countryCode": "LV",
        "phoneCode": "371"
  },
    {
        "countryName": "Lebanon",
        "countryCode": "LB",
        "phoneCode": "961"
  },
    {
        "countryName": "Lesotho",
        "countryCode": "LS",
        "phoneCode": "266"
  },
    {
        "countryName": "Liberia",
        "countryCode": "LR",
        "phoneCode": "231"
  },
    {
        "countryName": "Libya",
        "countryCode": "LY",
        "phoneCode": "218"
  },
    {
        "countryName": "Liechtenstein",
        "countryCode": "LI",
        "phoneCode": "423"
  },
    {
        "countryName": "Lithuania",
        "countryCode": "LT",
        "phoneCode": "370"
  },
    {
        "countryName": "Luxembourg",
        "countryCode": "LU",
        "phoneCode": "352"
  },
    {
        "countryName": "Macao SAR",
        "countryCode": "MO",
        "phoneCode": "853"
  },
    {
        "countryName": "Macedonia",
        "countryCode": "MK",
        "phoneCode": "389"
  },
    {
        "countryName": "Madagascar",
        "countryCode": "MG",
        "phoneCode": "261"
  },
    {
        "countryName": "Malawi",
        "countryCode": "MW",
        "phoneCode": "265"
  }, {
        "countryName": "Malaysia",
        "countryCode": "MY",
        "phoneCode": "60"
  },
    {
        "countryName": "Maldives",
        "countryCode": "MV",
        "phoneCode": "960"
  },
    {
        "countryName": "Mali",
        "countryCode": "ML",
        "phoneCode": "223"
  },
    {
        "countryName": "Malta",
        "countryCode": "MT",
        "phoneCode": "356"
  },
    {
        "countryName": "Marshall Islands",
        "countryCode": "MH",
        "phoneCode": "692"
  },
    {
        "countryName": "Martinique",
        "countryCode": "MQ",
        "phoneCode": "596"
  },
    {
        "countryName": "Mauritania",
        "countryCode": "MR",
        "phoneCode": "222"
  },
    {
        "countryName": "Mauritius",
        "countryCode": "MU",
        "phoneCode": "230"
  },
    {
        "countryName": "Mayotte",
        "countryCode": "YT",
        "phoneCode": "262"
  },
    {
        "countryName": "Mexico",
        "countryCode": "MX",
        "phoneCode": "52"
  },
    {
        "countryName": "Micronesia",
        "countryCode": "FM",
        "phoneCode": "691"
  },
    {
        "countryName": "Moldova",
        "countryCode": "MD",
        "phoneCode": "373"
  },
    {
        "countryName": "Monaco",
        "countryCode": "MC",
        "phoneCode": "377"
  },
    {
        "countryName": "Mongolia",
        "countryCode": "MN",
        "phoneCode": "976"
  },
    {
        "countryName": "Montenegro",
        "countryCode": "ME",
        "phoneCode": "382"
  },
    {
        "countryName": "Montserrat",
        "countryCode": "MS",
        "phoneCode": "1664"
  },
    {
        "countryName": "Morocco",
        "countryCode": "MA",
        "phoneCode": "212"
  },
    {
        "countryName": "Mozambique",
        "countryCode": "MZ",
        "phoneCode": "258"
  },
    {
        "countryName": "Myanmar",
        "countryCode": "MM",
        "phoneCode": "95"
  },
    {
        "countryName": "Namibia",
        "countryCode": "NA",
        "phoneCode": "264"
  },
    {
        "countryName": "Nauru",
        "countryCode": "NR",
        "phoneCode": "674"
  },
    {
        "countryName": "Nepal",
        "countryCode": "NP",
        "phoneCode": "977"
  },
    {
        "countryName": "Netherlands",
        "countryCode": "NL",
        "phoneCode": "31"
  },
    {
        "countryName": "New Caledonia",
        "countryCode": "NC",
        "phoneCode": "687"
  },
    {
        "countryName": "New Zealand",
        "countryCode": "NZ",
        "phoneCode": "64"
  },
    {
        "countryName": "Nicaragua",
        "countryCode": "NI",
        "phoneCode": "505"
  },
    {
        "countryName": "Niger",
        "countryCode": "NE",
        "phoneCode": "227"
  },
    {
        "countryName": "Nigeria",
        "countryCode": "NG",
        "phoneCode": "234"
  },
    {
        "countryName": "Niue",
        "countryCode": "NU",
        "phoneCode": "683"
  },
    {
        "countryName": "Norfolk Island",
        "countryCode": "NF",
        "phoneCode": "672"
  },
    {
        "countryName": "Northern Mariana Islands",
        "countryCode": "MP",
        "phoneCode": "1670"
  },
    {
        "countryName": "Norway",
        "countryCode": "NO",
        "phoneCode": "47"
  },
    {
        "countryName": "Oman",
        "countryCode": "OM",
        "phoneCode": "968"
  },
    {
        "countryName": "Pakistan",
        "countryCode": "PK",
        "phoneCode": "92"
  },
    {
        "countryName": "Palau",
        "countryCode": "PW",
        "phoneCode": "680"
  },
    {
        "countryName": "Palestine",
        "countryCode": "PS",
        "phoneCode": "970"
  },
    {
        "countryName": "Panama",
        "countryCode": "PA",
        "phoneCode": "507"
  },
    {
        "countryName": "Papua New Guinea",
        "countryCode": "PG",
        "phoneCode": "675"
  },
    {
        "countryName": "Paraguay",
        "countryCode": "PY",
        "phoneCode": "595"
  },
    {
        "countryName": "Peru",
        "countryCode": "PE",
        "phoneCode": "51"
  },
    {
        "countryName": "Philippines",
        "countryCode": "PH",
        "phoneCode": "63"
  },
    {
        "countryName": "Pitcairn",
        "countryCode": "PN",
        "phoneCode": "872"
  },
    {
        "countryName": "Poland",
        "countryCode": "PL",
        "phoneCode": "48"
  },
    {
        "countryName": "Portugal",
        "countryCode": "PT",
        "phoneCode": "351"
  },
    {
        "countryName": "Puerto Rico",
        "countryCode": "PR",
        "phoneCode": "1939"
  },
    {
        "countryName": "Qatar",
        "countryCode": "QA",
        "phoneCode": "974"
  },
    {
        "countryName": "Romania",
        "countryCode": "RO",
        "phoneCode": "40"
  },
    {
        "countryName": "Russian Federation",
        "countryCode": "RU",
        "phoneCode": "7"
  },
    {
        "countryName": "Rwanda",
        "countryCode": "RW",
        "phoneCode": "250"
  },
    {
        "countryName": "Reunion",
        "countryCode": "RE",
        "phoneCode": "262"
  },
    {
        "countryName": "Saint Barthelemy",
        "countryCode": "BL",
        "phoneCode": "590"
  },
    {
        "countryName": "Saint Helena",
        "countryCode": "SH",
        "phoneCode": "290"
  },
    {
        "countryName": "Saint Kitts and Nevis",
        "countryCode": "KN",
        "phoneCode": "1869"
  },
    {
        "countryName": "Saint Lucia",
        "countryCode": "LC",
        "phoneCode": "1758"
  },
    {
        "countryName": "Saint Martin (French part)",
        "countryCode": "MF",
        "phoneCode": "590"
  },
    {
        "countryName": "Saint Pierre and Miquelon",
        "countryCode": "PM",
        "phoneCode": "508"
  },
    {
        "countryName": "Saint Vincent and the Grenadines",
        "countryCode": "VC",
        "phoneCode": "1784"
  },
    {
        "countryName": "Samoa",
        "countryCode": "WS",
        "phoneCode": "685"
  },
    {
        "countryName": "San Marino",
        "countryCode": "SM",
        "phoneCode": "378"
  },
    {
        "countryName": "Sao Tome and Principe",
        "countryCode": "ST",
        "phoneCode": "239"
  },
    {
        "countryName": "Saudi Arabia",
        "countryCode": "SA",
        "phoneCode": "966"
  },
    {
        "countryName": "Senegal",
        "countryCode": "SN",
        "phoneCode": "221"
  },
    {
        "countryName": "Serbia",
        "countryCode": "RS",
        "phoneCode": "381"
  },
    {
        "countryName": "Seychelles",
        "countryCode": "SC",
        "phoneCode": "248"
  },
    {
        "countryName": "Sierra Leone",
        "countryCode": "SL",
        "phoneCode": "232"
  }, {
        "countryName": "Singapore",
        "countryCode": "SG",
        "phoneCode": "65"
  },
    {
        "countryName": "Sint Maarten (Dutch part)",
        "countryCode": "SX",
        "phoneCode": "590"
  },
    {
        "countryName": "Slovakia",
        "countryCode": "SK",
        "phoneCode": "421"
  },
    {
        "countryName": "Slovenia",
        "countryCode": "SI",
        "phoneCode": "386"
  },
    {
        "countryName": "Solomon Islands",
        "countryCode": "SB",
        "phoneCode": "677"
  },
    {
        "countryName": "Somalia",
        "countryCode": "SO",
        "phoneCode": "252"
  },
    {
        "countryName": "South Africa",
        "countryCode": "ZA",
        "phoneCode": "27"
  },
    {
        "countryName": "South Georgia and the South Sandwich Islands",
        "countryCode": "GS",
        "phoneCode": "500"
  },
    {
        "countryName": "South Sudan",
        "countryCode": "SS",
        "phoneCode": "211"
  },
    {
        "countryName": "Spain",
        "countryCode": "ES",
        "phoneCode": "34"
  },
    {
        "countryName": "Sri Lanka",
        "countryCode": "LK",
        "phoneCode": "94"
  },
    {
        "countryName": "Sudan",
        "countryCode": "SD",
        "phoneCode": "249"
  },
    {
        "countryName": "Suriname",
        "countryCode": "SR",
        "phoneCode": "597"
  },
    {
        "countryName": "Svalbard and Jan Mayen",
        "countryCode": "SJ",
        "phoneCode": "47"
  },
    {
        "countryName": "Swaziland",
        "countryCode": "SZ",
        "phoneCode": "268"
  },
    {
        "countryName": "Sweden",
        "countryCode": "SE",
        "phoneCode": "46"
  },
    {
        "countryName": "Switzerland",
        "countryCode": "CH",
        "phoneCode": "41"
  },
    {
        "countryName": "Syrian Arab Republic",
        "countryCode": "SY",
        "phoneCode": "963"
  },
    {
        "countryName": "Taiwan",
        "countryCode": "TW",
        "phoneCode": "886"
  },
    {
        "countryName": "Tajikistan",
        "countryCode": "TJ",
        "phoneCode": "992"
  },
    {
        "countryName": "United Republic of Tanzania",
        "countryCode": "TZ",
        "phoneCode": "255"
  },
    {
        "countryName": "Thailand",
        "countryCode": "TH",
        "phoneCode": "66"
  },
    {
        "countryName": "Timor-Leste",
        "countryCode": "TL",
        "phoneCode": "670"
  },
    {
        "countryName": "Togo",
        "countryCode": "TG",
        "phoneCode": "228"
  },
    {
        "countryName": "Tokelau",
        "countryCode": "TK",
        "phoneCode": "690"
  },
    {
        "countryName": "Tonga",
        "countryCode": "TO",
        "phoneCode": "676"
  },
    {
        "countryName": "Trinidad and Tobago",
        "countryCode": "TT",
        "phoneCode": "1868"
  },
    {
        "countryName": "Tunisia",
        "countryCode": "TN",
        "phoneCode": "216"
  },
    {
        "countryName": "Turkiye",
        "countryCode": "TR",
        "phoneCode": "90"
  },
    {
        "countryName": "Turkmenistan",
        "countryCode": "TM",
        "phoneCode": "993"
  },
    {
        "countryName": "Turks and Caicos Islands",
        "countryCode": "TC",
        "phoneCode": "1649"
  },
    {
        "countryName": "Tuvalu",
        "countryCode": "TV",
        "phoneCode": "688"
  },
    {
        "countryName": "Uganda",
        "countryCode": "UG",
        "phoneCode": "256"
  },
    {
        "countryName": "Ukraine",
        "countryCode": "UA",
        "phoneCode": "380"
  },
    {
        "countryName": "United Arab Emirates",
        "countryCode": "AE",
        "phoneCode": "971"
  },
    {
        "countryName": "United Kingdom",
        "countryCode": "GB",
        "phoneCode": "44"
  },
    {
        "countryName": "United States",
        "countryCode": "US",
        "phoneCode": "1"
  },
    {
        "countryName": "United States Minor Outlying Islands",
        "countryCode": "UM",
        "phoneCode": "699"
  },
    {
        "countryName": "Uruguay",
        "countryCode": "UY",
        "phoneCode": "598"
  },
    {
        "countryName": "Uzbekistan",
        "countryCode": "UZ",
        "phoneCode": "998"
  },
    {
        "countryName": "Vanuatu",
        "countryCode": "VU",
        "phoneCode": "678"
  },
    {
        "countryName": "Venezuela",
        "countryCode": "VE",
        "phoneCode": "58"
  },
    {
        "countryName": "Viet Nam",
        "countryCode": "VN",
        "phoneCode": "84"
  },
    {
        "countryName": "British Virgin Islands",
        "countryCode": "VG",
        "phoneCode": "1284"
  },
    {
        "countryName": "US Virgin Islands",
        "countryCode": "VI",
        "phoneCode": "1340"
  },
    {
        "countryName": "Wallis and Futuna",
        "countryCode": "WF",
        "phoneCode": "681"
  },
    {
        "countryName": "Western Sahara",
        "countryCode": "EH",
        "phoneCode": "212"
  },
    {
        "countryName": "Yemen",
        "countryCode": "YE",
        "phoneCode": "967"
  },
    {
        "countryName": "Zambia",
        "countryCode": "ZM",
        "phoneCode": "260"
  },
    {
        "countryName": "Zimbabwe",
        "countryCode": "ZW",
        "phoneCode": "263"
  }
]
